Unique_ID,Phase,Arm_Type
ABDUL0105_T,II,
ABRAM0895_T,II,
ABRAM0199_T1,III,control
ABRAM0199_T2,III,experiment
ABRAM0199_T3,III,experiment
ACEVE0215_T,II,
ACKLA0201_T1,III,experiment
ACKLA0201_T2,III,control
ADACH0196_T,II,
ADAMO0608_T,II,
ADDEO0708_T,II,
ADDEO0810_T,II,
ADENI0695_T,II,
AGELA0503_T,II,
AGELA0615_T,II,
AGOST0294_T,II,
AHMAD0614_T1,II,
AHMAD0614_T2,II,
AHMAN0174_T1,II,
AHMAN0174_T2,II,
AHMAN0174_T3,II,
AHMAN0576_T1,II,
AHMAN0576_T2,II,
AHMAN0177_T1,II,
AHMAN0177_T2,II,
AHMAN0691_T1,II,
AHMAN0691_T2,II,
AHN0804_T,II,
AHN0805_T,II,
AIHAR0202_T,II,
AIHAR0203_T,II,
AIROL0503_T,II,
AIROL1006_T,II,
AISNE1087_T1,II,
AISNE1087_T2,II,
AISNE1087_T3,II,
AISNE0695_T1,III,control
AISNE0695_T2,III,experiment
AISNE0695_T3,III,experiment
AITIN1292_T,II,
AKERL1097_T,II,
ALBA1092_T,II,
ALBA0710_T1,III,experiment
ALBA0710_T2,III,control
ALBAI0808_T1,III,experiment
ALBAI0808_T2,III,control
ALBAO0704_T1,III,control
ALBAT0606_T,II,
ALBER0485_T,II,
ALBER0388_T,II,
ALBER0593_T,II,
ALEXA0379_T,II,
ALEXO0399_T,II,
ALEXO0601_T,II,
ALEXO0104_T,II,
ALEXO0604_T,II,
ALLEG0382_T,II,
ALLEG0685_T1,III,experiment
ALLEG0685_T2,III,control
ALLOU1105_T,II,
ALONS0588_T1,II,
ALONS0588_T2,II,
ALONS0588_T3,II,
ALONS0495_T1,III,control
ALONS0495_T2,III,experiment
ALONS0196_T,II,
AMADO1096_T,I/II,
AMADO0698_T1,II,
AMADO0698_T2,II,
AMADO0513_T1,II,
AMADO0513_T2,II,
AMORO0788_T,II,
AMORO0395_T,II,
AMREI0582_T,II,
ANDER0281_T,II,
ANDER1086_T1,II,
ANDER1086_T2,II,
ANDER0388_T,II,
ANDER0199_T1,III,experiment
ANDER0199_T2,III,control
ANDER0111_T1,III,control
ANDER0111_T2,III,experiment
ANDER0814_T,II,
ANDO0101_T,II,
ANDRE0605_T,II,
ANDRE0807_T,II,
ANDRE0514_T1,III,experiment
ANDRE0514_T2,III,control
ANSAR0405_T,II,
ANSAR0405b_T,II,
ANSFI0474_T,II,
ANTON0411_T,II,
AOGI0511_T,I/II,
AOGI1011_T,II,
AOGI0612_T,II,
AOGI0613_T,II,
ARAI1294_T,II,
ARDAV0998_T,II,
ARDAV1105_T,II,
ARDAV1206_T,II,
ARDAV0707_T,II,
ARDAV0408_T1,II,
ARDAV0408_T2,II,
ARPIN0203_T1,III,experiment
ARPIN0203_T2,III,control
ARTEA1008_T,I/II,
ASTON1092_T,II,
ATHAN0486_T,II,
ATIBA0294_T,II,
ATIEN1295_T,II,
AUSTR0286_T1,III,experiment
AUSTR0286_T2,III,experiment
AUSTR0286_T3,III,experiment
AWADA0508_T,I/II,
AWADA0113_T1,II,
AWADA0113_T2,II,
AWADA1113_T1,II,experiment
AWADA1113_T2,II,experiment
AWADA0414_T1,II,experiment
AWADA0414_T2,II,experiment
AWADA0414_T3,II,control
AWADA1016_T1,II,
AWADA1016_T2,II,
AWADA1216_T1,III,experiment
AWADA1216_T2,III,control
AZIM0396_T,II,
AZIZ1199_T,II,
BACHE0711_T1,II,experiment
BACHE0711_T2,II,control
BACHE0812_T1,II,control
BACHE0812_T2,II,experiment
BACHE0113_T,II,
BACHE0314_T,II,
BAFAL0693_T,II,
BAIDA0700_T1,II,
BAIDA0700_T2,II,
BAILE0608_T,II,
BAJET0794_T1,II,experiment
BAJET0794_T2,II,experiment
BAJET0994_T,II,
BAJET0998_T,II,
BAJET0299_T1,II,
BAJET0299_T2,II,
BAJET0102_T1,III,experiment
BAJET0102_T2,III,control
BAJET0405_T1,II,
BAJET0405_T2,II,
BALDI0598_T,II,
BALTA0502_T,II,
BAND1077_T1,II,
BAND1077_T2,II,
BAND1077_T3,II,
BAND1186_T,II,
BARKE0893_T,II,
BARDI0717_T,II,
BARNA0297_T1,II,
BARNA0297_T2,II,
BARNI0894_T,II,
BARRI0510_T1,III,experiment
BARRI0510_T2,III,control
BARTS0507_T,II,
BARTS0907_T,II,
BARTS0912_T,II,
BASCI0997_T1,II,
BASCI0997_T2,II,
BASEL0396_T,II,
BASEL0903_T1,II,
BASEL0903_T2,II,
BASEL0405_T,II,
BASEL0310_T,II,
BASEL0112_T1,III,control
BASEL0112_T2,III,experiment
BASEL0212_T1,III,experiment
BASEL0212_T2,III,control
BASEL0512_T1,II,experiment
BASEL0512_T2,II,control
BASEL0713_T1,II,
BASEL0713_T2,II,
BASEL0314_T1,III,experiment
BASEL0314_T2,III,control
BASEL0617_T1,II,
BASEL0617_T2,II,
BASEL0617_T3,II,
BASEL0617_T4,II,
BASEL0717_T1,III,experiment
BASEL0717_T2,III,control
BASSO1013_T,II,
BASTH0587_T,II,
BASTH0290_T,II,
BASTH0496_T1,II,experiment
BASTH0496_T2,II,experiment
BASTH0496_T3,II,control
BASTH0496_T4,II,experiment
BATIS0301_T1,III,experiment
BATIS0301_T2,III,control
BATIS0504_T,II,
BAUR0602_T,II,
BAUR0208_T,II,
BAWEJ0406_T,II,
BAYOC0608_T,II,
BEEX0381_T1,II,
BEEX0381_T2,II,
BEEX1287_T1,II,
BEEX1287_T2,II,
BEEX1206_T1,III,control
BEEX1206_T2,III,experiment
BEEX1206_T3,III,experiment
BEINA0607_T1,II,
BEINA0607_T2,II,
BELLM1291_T1,II,
BELLM1291_T2,II,
BELLM1291_T3,II,
BELPO0987_T,II,
BELTR0791_T1,II,
BELTR0791_T2,II,
BENDE1014_1,I/II,
BENNE1088_T1,III,experiment
BENNE1088_T2,III,control
BENVE0792_T,II,
BERGH0312_T1,III,experiment
BERGH0312_T2,III,control
BERGH0612_T1,III,experiment
BERGH0612_T2,III,control
BERGH0812_T,II,
BERRI1000_T,II,
BERRU1002_T1,III,control
BERRU1002_T2,III,experiment
BERRU1002_T3,III,experiment
BERRU1002_T4,III,experiment
BERRU0105_T,II,
BERRU0205_T,II,
BEUSE0710_T1,II,experiment
BEUSE0710_T2,II,experiment
BEZWO0879_T1,II,
BEZWO0879_T2,II,
BEZWO1282_T1,II,
BEZWO1282_T2,II,
BEZWO0292_T,II,
BEZWO0998_T1,II,
BEZWO0998_T2,II,
BIAN1013_T1,II,
BIAN1013_T2,II,
BIANC1291_T,II,
BIANC0809_T,II,
BIGAT0702_T1,III,experiment
BIGAT0702_T2,III,control
BINES0414_T,II,
BIRAN0581_T1,II,
BIRAN0581_T2,II,
BISAG0196_T,II,
BISAG1198_T,II,
BISHO0899_T1,III,experiment
BISHO0899_T2,III,control
BITRA0190_T,II,
BLACK0986_T,II,
BLACK0102_T,II,
BLACK0609_T,II,
BLACK0310_T1,III,control
BLACK0310_T2,III,experiment
BLACK1115_T1,I/II,
BLACK1115_T2,I/II,
BLAJM0399_T1,III,control
BLAJM0399_T2,III,experiment
BLASI0213_T,II,
BLOHM0710_T1,III,control
BLOHM0710_T2,III,experiment
BLOMQ0393_T1,II,control
BLOMQ0393_T2,II,experiment
BLUM0299_T,II,
BLUM1001_T,II,
BLUM0207_T,II,
BLUM1207_T1,II,
BLUM1207_T2,II,
BLUM0116_T1,II,
BLUM0116_T2,II,
BLUMY0906_T,II,
BOAS0690_T,II,
BOCCA1285_T1,II,control
BOCCA1285_T2,II,experiment
BOCCA0590_T,II,
BOCCA0897_T,II,
BOER0412_T1,II,
BOER0412_T2,II,
BONNE1085_T1,II,
BONNE1085_T2,II,
BONNE1288_T1,II,
BONNE1288_T2,II,
BONNE1100_T1,III,experiment
BONNE1100_T2,III,control
BONNE1102_T1,III,experiment
BONNE1102_T2,III,control
BONNE1004_T1,II,experiment
BONNE1004_T2,II,control
BONNE0516_T,II,
BONTE0692_T,II,
BONTE0595_T,II,
BONTE0698_T1,III,control
BONTE0698_T2,III,experiment
BONTE1005_T1,III,experiment
BONTE1005_T2,III,control
BOOSE0200_T,II,
BOOTH0785_T,II,
BOOTH1086_T,II,
BORDE0782_T,II,
BORSO1012_T,II,
BOUGN1209_T,II,
BOURG0606_T,I/II,
BRAMB0374_T1,II,
BRAMB0374_T2,II,
BRAMB0476_T1,II,experiment
BRAMB0476_T2,II,experiment
BRAMB0178_T1,II,
BRAMB0178_T2,II,
BRAMB0286_T1,II,
BRAMB0286_T2,II,
BRAND0598_T,II,
BRAND0404_T,II,
BRATH0884_T1,III,experiment
BRATH0884_T2,III,experiment
BRIGN0710_T,I/II,
BRITT0209_T,I/II,
BRODO0300_T,II,
BROWN0676_T1,II,
BROWN0676_T2,II,
BROWN0676_T3,II,
BROWN0277_T1,II,
BROWN0277_T2,II,
BROWN0277_T3,II,
BRUFM0190_T,II,
BRUFM0293_T,II,
BRUFM0594_T,II,
BRUFM0297_T1,III,experiment
BRUFM0297_T2,III,control
BRUFS0811_T1,II,control
BRUFS0811_T2,II,experiment
BRUNI0289_T1,II,
BRUNI0289_T2,II,
BRUNI0289_T3,II,
BRUNN0677_T1,II,
BRUNN0677_T2,II,
BRUNN0677_T3,II,
BRUNN0677_T4,II,
BRUNN0677_T5,II,
BRUNN0677_T6,II,
BRUNO1095_T,II,
BRYAN1211_T,II,
BUDD1091_T,II,
BUDD0293_T,II,
BUDD0398_T,I/II,
BUDD0899_T,I/II,
BUDMA0882_T,II,
BULL0578_T1,II,
BULL0578_T2,II,
BUNNE0608_T,I/II,
BURCH0405_T1,II,
BURCH0405_T2,II,
BURRI0510_T,II,
BURRI0211_T,II,
BURSR0300_T,II,
BURST0501_T,II,
BURST0603_T,II,
BURST0407_T1,II,
BURST0407_T2,II,
BURST0907_T1,II,
BURST0907_T2,II,
BURST0408_T,II,
BURST0608_T1,II,
BURST0608_T2,II,
BURST1208_T,II,
BURST0310_T1,II,
BURST0310_T2,II,
BURST1214_T1,III,experiment
BURST1214_T2,III,control
BUYUK1087_T1,II,
BUYUK1087_T2,II,
BUZDA0179_T1,II,
BUZDA0179_T2,II,
BUZDA0582_T1,II,
BUZDA0582_T2,II,
BUZDA0882_T,II,
BUZDA0588_T,II,
BUZDA0290_T,II,
BUZDA0696_T1,III,experiment
BUZDA0696_T2,III,control
BUZDA0696_T3,III,experiment
BUZDA0696_T4,III,control
BUZDA0297_T1,III,experiment
BUZDA0297_T2,III,experiment
BUZDA0297_T3,III,control
BUZDA0701_T1,III,experiment
BUZDA0701_T2,III,experiment
BUZDA0701_T3,III,control
BUZDA0502_T1,III,experiment
BUZDA0502_T2,III,control
BUZDA0303_T1,II,
BUZDA0303_T2,II,
BUZDA0712_T1,II,
BUZDA0712_T2,II,
BUZDA0712_T3,II,
BUZZO0595_T,II,
BYRNE0997_T1,III,experiment
BYRNE0997_T2,III,control
BYRSK0712_T,II,
CALAB0291_T1,III,control
CALAB0291_T2,III,experiment
CALLA0894_T,I/II,
CALS0304_T,I/II,
CALVE1093_T1,II,
CALVE1093_T2,II,
CAMPI0598_T,I/II,
CAMPO1084_T,II,
CAMPO1106_T,II,
CAMPO1108_T1,II,
CAMPO1108_T2,II,
CAMPO0409_T,II,
CAMPO0513_T1,II,
CAMPO0513_T2,II,
CAMPO0513_T3,II,
CANEL1176_T1,II,
CANEL1176_T2,II,
CANNE0988_T1,III,experiment
CANNE0988_T2,III,experiment
CANNE1106_T,II,
CANOB0489_T,II,
CANOB1193_T,II,
CANTW0488_T,II,
CAO0814_T,II,
CAPOT0103_T1,III,control
CAPOT0103_T2,III,experiment
CAPOT0103_T3,III,experiment
CAPPU0104_T,II,
CARDO1212_T,II,
CAREY0712_T1,II,
CAREY0712_T2,II,
CARLS0487_T,II,
CARLS1106_T,II,
CARLS0910_T,II,
CARLS0612_T1,II,
CARLS0612_T2,II,
CARMI1195_T,II,
CARMO0176_T,II,
CARMO1280_T1,II,
CARMO1280_T2,II,
CARMO1081_T1,II,
CARMO1081_T2,II,
CARMO0586_T1,II,
CARMO0586_T2,II,
CARMO1087_T1,II,
CARMO1087_T2,II,
CARMO0388_T,II,
CARMO0591_T,II,
CARMO0793_T,II,
CARPE0986_T1,II,
CARPE0986_T2,II,
CARPE1086_T,II,
CASIM0486_T,II,
CASPE1287_T,II,
CASPE0688_T,II,
CASSI0508_T1,III,experiment
CASSI0508_T2,III,experiment
CASTI1193_T1,II,
CASTI1193_T2,II,
CATAN0115_T,I/II,
CAVAL1183_T1,II,
CAVAL1183_T2,II,
CAVAL1183_T3,II,
CAVAL0584_T1,II,
CAVAL0584_T2,II,
CAVAL0385_T,II,
CAZZA1216_T1,II,
CAZZA1216_T2,II,
CECI0795_T1,II,
CECI0795_T2,II,
CHAN1004_T1,III,experiment
CHAN1004_T2,III,experiment
CHAN1006_T,II,
CHAN0409_T1,III,experiment
CHAN0409_T2,III,control
CHAN1210_T,II,
CHAN0613_T,II,
CHAN1214_T,II,
CHANG1281_T,I/II,
CHANG1199_T,II,
CHANN0899_T1,III,experiment
CHANN0899_T2,III,control
CHAO0305_T,II,
CHAUV0978_T1,II,
CHAUV0978_T2,II,
CHAVA1114_T,II,
CHEDI0406_T,II,
CHENG1010_T,II,
CHEVA1090_T,II,
CHEVA0295_T,II,
CHEW1208_T,II,
CHEW0509_T1,II,
CHEW0509_T2,II,
CHIA0606_T,II,
CHIA0408_T1,III,experiment
CHIA0408_T2,III,control
CHIA0109_T,II,
CHIES1207_T1,II,
CHIES1207_T2,II,
CHIES1207_T3,II,
CHITA0312_T,II,
CHLEB1081_T1,II,
CHLEB1081_T2,II,
CHLEB0883_T1,II,
CHLEB0883_T2,II,
CHLEB1289_T1,II,
CHLEB1289_T2,II,
CHLEB1289_T3,II,
CHOW0407_T,II,
CHOW0513_T1,II,
CHOW0513_T2,II,
CHRIS0103_T,II,
CHRIS0309_T,II,
CHU0389_T,II,
CIARD0606_T,II,
CILEN1099_T,I/II,
CINIE0417_T1,II,experiment
CINIE0417_T2,II,control
CINIE0417_T3,II,control
CIRUE0710_T1,II,
CIRUE0710_T2,II,
CLEME0910_T,II,
CLEME0115_T1,II,
CLEME0115_T2,II,
CLEMO1110_T1,II,
CLEMO1110_T2,II,
CLEMO0714_T1,II,
CLEMO0714_T2,II,
CLOSO0395_T,II,
COBAU0296_T1,III,control
COBAU0296_T2,III,experiment
COBLE0781_T,II,
COBLE0999_T,II,
COBLE1003_T,I/II,
COCCO0283_T1,II,
COCCO0283_T2,II,
COCCO0786_T,II,
COCCO0190_T1,II,
COCCO0491_T1,II,
COCCO0491_T2,II,
COCCO0692_T1,III,experiment
COCCO0692_T2,III,control
COCCO0600_T,I/II,
CODY1293_T,II,
COLE0573_T1,II,
COLE0573_T2,II,
COLE0573_T3,II,
COLEM0684_T,II,
COLEM0506_T1,II,
COLEM0506_T2,II,
COLLE1195_T,II,
COLLE0102_T,II,
COLLE0206_T1,II,
COLLE0206_T2,II,
COLLE1012_T1,II,
COLLE1012_T2,II,
COLLE1012_T3,II,
COLLI0402_T,II,
COLOM0204_T,II,
COLOM1206_T,II,
COLOM1107_T1,II,
COLOM1107_T2,II,
COLOZ1096_T,II,
CONLI0810_T,II,
CONTE0387_T1,II,control
CONTE0387_T2,II,experiment
CONTE0796_T1,III,control
CONTE0796_T2,III,experiment
CONTE0198_T,I/II,
CONTE0701_T,II,
CONTE0804_T1,III,control
CONTE0804_T2,III,experiment
CONZE1196_T,II,
COOK1196_T1,II,
COOK1196_T2,II,
COOMB0683_T,II,
COOMB1292_T1,I/II,
COOMB1292_T2,I/II,
COOMB1292_T3,I/II,
CORKE0882_T1,II,
CORKE0882_T2,II,
CORKE0882_T3,II,
CORTE0311_T1,III,experiment
CORTE0512_T1,II,control
CORTE0512_T2,II,experiment
CORTE1215_T1,II,
CORTE1215_T2,II,
COSTA0795_T,II,
COSTA0399_T1,II,
COSTA0399_T2,II,
COSTA0399_T3,II,
COTTU0799_T,II,
COWAN0891_T1,III,control
COWAN0891_T2,III,experiment
COWAN0891_T3,III,experiment
COWHE0515_T,II,
COX0488_T,II,
COX0289_T,II,
CREAG1184_T1,III,control
CREEC0179_T,II,
CREEC1284_T,II,
CREST0304_T1,II,
CREST0304_T2,II,
CRIST1098_T,II,
CRIST0499_T,I/II,
CRIST1008_T,II,
CRIST0310_T1,II,
CRIST0310_T2,II,
CRIVE0100_T,II,
CRIVE0506_T1,II,
CRIVE0506_T2,II,
CRIVE0112_T,II,
CROWN0293_T,II,
CROWN0813_T1,III,experiment
CROWN0813_T2,III,control
CROZI0216_T,II,
CRUCI0490_T,II,
CRUZ0292_T,II,
CUMMI0981_T1,II,
CUMMI0981_T2,II,
CUMMI0981_T3,II,
CUMMI0785_T1,II,
CUMMI0785_T2,II,
CUNA0478_T1,II,
CUNA0478_T2,II,
CURIG1013_T1,II,
CURRI0480_T,II,
CURRI0981_T,II,
CURTI1111_T,II,
DALEN0210_T,II,
DALLE0380_T,II,
DANG0604_T,II,
DANG0215_T,II,
DANIE1293_T,II,
DAWSO0791_T1,II,
DAWSO0791_T2,II,
DEIUL0115_T,II,
DELAF1209_T1,II,
DELAF1209_T2,II,
DELAH0810_T,II,
DELAL0614_T,II,
DELEN0282_T,II,
DELEN0288_T,II,
DELEN0290_T1,II,control
DELEN0290_T2,II,experiment
DELEN0800_T,I/II,
DELFI1203_T,II,
DELLA1008_T,II,
DELMA0401_T1,III,control
DELMA0401_T2,III,experiment
DELMA0313_T1,III,experiment
DELMA0313_T2,III,experiment
DELMA0313_T3,III,experiment
DELMA0313_T4,III,experiment
DELOZ1006_T,II,
DELTE0397_T,II,
DEMAI0307_T,II,
DEMIC0315_T,II,
DEMIR0505_T,II,
DENDU0207_T,II,
DENDU0807_T,II,
DENEF1278_T,II,
DENG0113_T,II,
DENNI1207_T,II,
DENT0210_T,II,
DEPLA0100_T,II,
DESHM1107_T1,III,experiment
DESHM1107_T2,III,control
DEVRI0993_T,II,
DHING0394_T,II,
DHING0795_T,II,
DHOND0404_T,II,
DICKL1208_T,II,
DICKL0509_T1,II,
DICKL0509_T2,II,
DICKL0816_T1,III,experiment
DICKL0816_T2,III,control
DICOS0304_T,II,
DIERA0495_T1,II,experiment
DIERA0495_T2,II,control
DIERA0896_T,II,
DIERA1296_T,II,
DIERA0708_T1,II,
DIERA0708_T2,II,
DIERA0615_T1,II,
DIERA0615_T2,II,
DIERA0615_T3,II,
DIERA0615_T4,II,
DIERA0915_T1,II,experiment
DIERA0915_T2,II,experiment
DIERA0915_T3,II,control
DILEO1208_T1,III,experiment
DILEO1208_T2,III,control
DIRIX0308_T1,II,
DIRIX0308_T2,II,
DISER0411_T,II,
DISTE0181_T,II,
DIXON0892_T1,II,
DIXON0892_T2,II,
DOGLI0496_T1,III,control
DOGLI0496_T2,III,experiment
DOGLI0198_T,II,
DOMBE0888_T,II,
DOMBE0597_T,II,
DOMBE0298_T1,III,experiment
DOMBE0298_T2,III,experiment
DOMBE0298_T3,III,control
DONAD0501_T,II,
DONAD0803_T,II,
DONG0512_T,II,
DOROS0188_T,II,
DOWSE0192_T1,II,
DOWSE0192_T2,II,
DOWSE0192_T3,II,
DROOG1016_T1,II,experiment
DROOG1016_T2,II,experiment
EBBS0689_T1,II,
EBBS0689_T2,II,
ECKHA1188_T,II,
EDMON0581_T,II,
EDMOR0581_T,II,
EICHB0907_T,II,
EINBE0208_T,I/II,
EISEN0498_T1,II,
EISEN0498_T2,II,
EJLER0493_T1,III,control
EJLER0493_T2,III,experiment
EJLER0604_T1,III,control
EJLER0604_T2,III,experiment
ELARA0312_T,II,
ELLAR0909_T1,II,
ELLAR0909_T2,II,
ELLIS0599_T,I/II,
ELLIS1099_T,II,
ELLME0500_T1,II,
ELLME0500_T2,II,
ELLME0500_T3,II,
ELMAW0891_T1,II,
ELMAW0891_T2,II,
ELOMA0588_T1,II,
ELOMA0588_T2,II,
ELOMA0403_T,II,
ELOMA0503_T1,II,
ELOMA0503_T2,II,
ELOMA0503_T3,II,
ELSER0906_T,II,
ENGEB0512_T1,II,
ENGEB0512_T2,II,
ENGEL0891_T1,III,control
ENGEL0891_T2,III,experiment
ENGEL1207_T,II,
ERKIS1297_T1,II,
ERKIS1297_T2,II,
ERNST1087_T,II,
ESTAB1199_T1,III,experiment
ESTAB1199_T2,III,experiment
ESTAP0383_T,II,
ESTEB0700_T,II,
ESTEV0402_T,II,
ESTEV0303_T1,II,
ESTEV0303_T2,II,
ESTEV0303_T3,II,
ESTEV0303_T4,II,
ESTEV0303_T5,II,
ESTEV0303_T6,II,
ESTEV0903_T,II,
ESTEV0408_T,II,
ETTIN0486_T1,II,
ETTIN0486_T2,II,
EUROP0472_T,II,
EUROP0872_T,II,
EZZAT0797_T,II,
FABI0295_T,II,
FABI0504_T,II,
FABI0305_T,II,
FABI0506_T,II,
FABI0908_T,II,
FABI1115_T,II,
FABIA0879_T1,II,
FABIA0879_T2,II,
FABIA0782_T,II,
FALAN0809_T1,III,experiment
FALAN0809_T2,III,control
FALAN0913_T,II,
FALKS1174_T1,II,
FALKS1174_T2,II,
FALKS1174_T3,II,
FALKS1174_T4,II,
FALKS0283_T,II,
FALKS0883_T,II,
FALKS0785_T1,II,
FALKS0785_T2,II,
FALKS0785_T3,II,
FALKS0785_T4,II,
FALKS0888_T1,II,
FALKS0888_T2,II,
FALKS0992_T1,II,
FALKS0992_T2,II,
FALKS1292_T,II,
FALKS0293_T1,II,
FALKS0293_T2,II,
FALKS0796_T1,II,
FALKS0796_T2,II,
FAN0810_T,II,
FAN0513_T1,II,
FAN0513_T2,II,
FARHA1211_T,II,
FARHA0516_T,II,
FASAN0310_T,II,
FAZEN0196_T,II,
FEDEL0112_T,II,
FEHER0605_T1,III,experiment
FEHER0605_T2,III,control
FERRA1187_T,II,
FERRA1288_T,I/II,
FERRA0400_T,II,
FERRE1016_T,II,
FERRA1216_T,I/II,
FINE0294_T,II,
FINEK0209_T,II,
FINN1111_T1,II,
FINN1111_T2,II,
FINN0115_T1,II,
FINN0115_T2,II,
FINN1116_T1,III,experiment
FINN1116_T2,III,control
FISHE0396_T,I/II,
FLEIS0983_T,II,
FLEMI0698_T,II,
FLEMI1112_T,II,
FOCAN0793_T1,II,
FOCAN0793_T2,II,
FOLEY0180_T,II,
FORD1087_T,II,
FORD1206_T,II,
FORER0615_T1,II,
FORER0615_T2,II,
FOUNT0691_T,II,
FOUNT0195_T,II,
FOUNT0196_T,II,
FOUNT1097_T,II,
FOUNT1297_T1,II,
FOUNT1297_T2,II,
FOUNT0998_T,II,
FOUNT0600_T,II,
FOUNT0401_T2,II,
FOUNT1101_T,II,
FOUNT0504_T,II,
FOUNT1004_T1,III,experiment
FOUNT1004_T2,III,experiment
FOUNT0705_T,I/II,
FOUNT0509_T1,III,experiment
FOUNT0509_T2,III,experiment
FOUNT0509_T3,III,experiment
FOUNT0713_T1,II,
FOUNT0713_T2,II,
FRANC1002_T,II,
FRASC1087_T1,II,
FRASC1087_T2,II,
FRASC1087_T3,II,
FRASC0598_T1,II,
FRASC0598_T2,II,
FRASC0102_T,I/II,
FRASC0805_T,II,
FREDE0378_T,II,
FREED1211_T,II,
FREED0316_T,II,
FRENC0488_T1,III,control
FRENC0488_T2,III,experiment
FRENC0291_T1,III,control
FRENC0291_T2,III,experiment
FRENC0291_T3,III,experiment
FRENC0900_T1,III,control
FRENC0900_T2,III,experiment
FRENC0900_T3,III,experiment
FREUE0200_T1,III,experiment
FREUE0200_T2,III,control
FREYE0103_T,II,
FREYE0204_T,II,
FRIED0582_T1,II,
FRIED0582_T2,II,
FRIED0100_T,II,
FRIED0405_T,II,
FRITZ1282_T1,II,
FRITZ1282_T2,II,
FRONT1104_T1,II,
FRONT1104_T2,II,
FUENT0606_T,II,
FUJII0218_T,II,
FUJIM0473_T1,II,
FUJIM0473_T2,II,
FUMOL0793_T,II,
FUMOL0296_T,II,
FUMOL0304_T,II,
FUMOL0809_T,II,
GABRA1296_T,II,
GAJRI0911_T,II,
GAJRI0112_T,II,
GALE0194_T1,III,experiment
GALE0194_T2,III,experiment
GALLA1287_T1,II,
GALLA1287_T2,II,
GARCI0292_T1,III,experiment
GARCI0292_T2,III,experiment
GARCI1194_T,II,
GARCI1096_T,II,
GARCI1008_T,II,
GARDI0196_T,II,
GARUF0201_T,II,
GASPA0291_T1,II,
GASPA0291_T2,II,
GASPA1094_T,II,
GASPA0307_T1,II,
GASPA0307_T2,II,
GEBBI0193_T,II,
GEBBI1197_T,II,
GEBBI0599_T,II,
GEBBI0799_T,II,
GEBBI0102_T,I/II,
GEBBI0103_T1,I/II,
GEBBI0103_T2,I/II,
GEBBI0103b_T1,II,
GEBBI0103b_T2,II,
GEBBI0103b_T3,II,
GELMO1095_T,I/II,
GELMO1198_T,I/II,
GELMO1099_T1,II,
GELMO1099_T2,II,
GELMO0403_T,II,
GELMO0515_T1,III,experiment
GELMO0515_T2,III,control
GENNA0787_T1,II,
GENNA0787_T2,II,
GENNA1202_T,II,
GENNA0106_T,II,
GENNA0806_T1,III,experiment
GENNA0806_T2,III,control
GENNA0509_T,II,
GENNAb0106_T,II,
GERSH0997_T1,III,experiment
GERSH0997_T2,III,experiment
GERSH0997_T3,III,control
GERSH0698_T1,III,experiment
GERSH0698_T2,III,experiment
GERSH0698_T3,III,control
GEWIR0681_T,II,
GEYER0998_T,II,
GEYER1206_T1,III,experiment
GEYER1206_T2,III,control
GHOSN0506_T,II,
GHOSN1211_T1,II,
GIACC0288_T,II,
GIANN1191_T,II,
GIANN0895_T1,II,
GIANN0895_T2,II,
GIANN0210_T1,II,
GIANN0210_T2,II,
GIANN0513_T1,III,control
GIANN0513_T2,III,experiment
GICK0106_T,II,
GILL0993_T1,II,
GILL0993_T2,II,
GILL0993_T3,II,
GIOTT0607_T,II,
GIOUL0908_T,I/II,
GOCKE0985_T1,II,
GOCKE0985_T2,II,
GOCKE1086_T1,II,
GOCKE1086_T2,II,
GOETZ1117_T1,III,experiment
GOETZ1117_T2,III,control
GOLDE0169_T1,III,experiment
GOLDE0169_T2,III,experiment
GOLDE0169_T3,III,experiment
GOLDH0982_T,II,
GOLDS1214_T1,II,
GOLDS1214_T2,II,
GOMEZ0403_T,II,
GOMEZ0105_T,II,
GOMEZ0216_T1,II,
GOMEZ0216_T2,II,
GOMEZ0216_T3,II,
GORI1102_T,II,
GORI0104_T,II,
GOSS0986_T,II,
GOSS0395_T,II,
GOSS0199_T1,III,experiment
GOSS0199_T2,III,control
GOSS0100_T,II,
GOSS1107_T1,III,experiment
GOSS1107_T2,III,control
GRADI1101_T,II,
GRADI1105_T1,III,experiment
GRADI1105_T2,III,control
GRADI0809_T1,II,
GRADI0809_T2,II,
GRADI0809_T3,II,
GRADI0809_T4,II,
GRADI0113_T1,II,experiment
GRADI0113_T2,II,control
GRADM0604_T,II,
GRALO0114_T,II,
GRASS0401_T,II,
GREEN0696_T1,II,
GREEN0696_T2,II,
GREEN1109_T1,II,
GREEN1109_T2,II,
GREEN1211_T,IV,
GREM1088_T,II,
GUAN0613_T1,III,experiment
GUAN0613_T2,III,control
GUCAL1011_T,II,
GUCAL1013_T,II,
GUERR0311_T,I/II,
GUNDE1286_T1,II,
GUNDE1286_T2,II,
GUNDE0190_T1,II,
GUNDE0190_T2,II,
GUNDE0690_T,II,
GUNDE1190_T1,II,
GUNDE1190_T2,II,
GUNDE0292_T1,II,
GUNDE0292_T2,II,
GUNDE1294_T1,III,control
GUNDE1294_T2,III,experiment
GURNE1095_T,II,
GUTTE1176_T1,II,
GUTTE1176_T2,II,
HAARS0492_T,II,
HABES0291_T1,II,
HABES0291_T2,II,
HAIDE0699_T,II,
HAINE0469_T1,II,
HAINE0469_T2,II,
HAINS1091_T,II,
HAINS0596_T,II,
HAINS0297_T1,II,
HAINS0297_T2,II,
HAINS0801_T,II,
HAINS0702_T,II,
HAINS0806_T,II,
HALIM0412_T,II,
HAMBE0411_T1,II,control
HAMBE0411_T2,II,experiment
HAMIL0300_T1,II,
HAMIL0300_T2,II,
HAMIL1213_T,II,
HANSE0496_T,II,
HARBE0316_T1,III,experiment
HARBE0316_T2,III,control
HARBE0117_T1,III,experiment
HARBE0117_T2,III,control
HARPE0799_T1,II,
HARPE0799_T2,II,
HARRI0284_T1,II,
HARRI0284_T2,II,
HARRI0789_T,II,
HARRI0102_T1,III,experiment
HARRI0102_T2,III,control
HARVE0501_T,II,
HARVE1106_T1,III,experiment
HARVE1106_T2,III,experiment
HARVE1106_T3,III,experiment
HARVE0713_T1,II,
HARVE0713_T2,II,
HASSA1010_T,II,
HATSC0212_T1,III,control
HATSC0212_T2,III,experiment
HAUSM1295_T1,II,
HAUSM1295_T2,II,
HAYAS1111_T,II,
HAYES1095_T1,III,control
HAYES1095_T2,III,experiment
HAYES1095_T3,III,experiment
HECKE1174_T,II,
HEERY1115_T1,II,
HEERY1115_T2,II,
HEGG0401_T,II,
HEIDE0290_T1,II,
HEIDE0290_T2,II,
HEIDE0290_T3,II,
HEIDN1102_T1,III,experiment
HEIDN1102_T2,III,experiment
HEINE0506_T,II,
HEINE0311_T,II,
HEINO0185_T1,II,
HEINO0185_T2,II,
HELGA1006_T,II,
HELGA0514_T,II,
HENDE0589_T1,II,experiment
HENDE0589_T2,II,control
HEROL0911_T,II,
HESS0307_T1,II,
HESS0307_T2,II,
HEUSO0180_T,II,
HIDAL0792_T,II,
HIETA0597_T,II,
HOCHS0301_T1,II,
HOCHS0301_T2,II,
HOFFK0590_T,II,
HOFFK1198_T,II,
HOFFM0396_T,I/II,
HOLME0984_T,II,
HOLME1186_T1,II,
HOLME1186_T2,II,
HOLME1291_T,II,
HOOGS0776_T1,II,
HOOGS0776_T2,II,
HOOGS0776_T3,II,
HOPKI1083_T,II,
HORI0901_T1,II,
HORI0901_T2,II,
HORIG0209_T,II,
HORTO0383_T1,II,
HORTO0383_T2,II,
HORTO1287_T,II,
HORTO0289_T1,II,
HORTO0289_T2,II,
HORTO0289_T3,II,
HORTO0310_T,II,
HORTO0510_T,II,
HORTO1116_T1,III,experiment
HORTO1116_T2,III,control
HOWEL0802_T1,III,experiment
HOWEL0802_T2,III,control
HOWEL0504_T1,III,experiment
HOWEL0504_T2,III,control
HU1014_T1,II,
HU1014_T2,II,
HU1114_T,II,
HU0415_T1,III,control
HU0415_T2,III,experiment
HUANG0812_T,II,
HUDIN0196_T,II,
HUDIS1197_T,II,
HUG0580_T,II,
HUGLI1200_T,II,
HULTB0596_T1,III,experiment
HULTB0596_T2,III,experiment
HUMPH0604_T,II,
HUOBE0212_T1,III,control
HUOBE0212_T2,III,experiment
HUOBE0212_T3,III,control
HUPPE0491_T,II,
HURRI0115_T,II,
HURTE0389_T,II,
HURVI0810_T,II,
HURVI0313_T1,II,
HURVI0313_T2,II,
HURVI1013_T,II,
HURVI0715_T1,III,experiment
HURVI0715_T2,III,control
HWANG0797_T,II,
HYAMS1013_T1,II,
HYAMS1013_T2,II,
IAFFA0995_T,II,
IAFFA1195_T,II,
IBA1004_T,II,
IBRAH1099_T,II,
IBRAH1111_T1,II,
IBRAH1111_T2,II,
IBRAI0905_T,II,
ICLI0892_T,II,
ICLI0205_T1,III,experiment
ICLI0205_T2,III,control
IINO0595_T,II,
IM0805_T,II,
INAJI0912_T1,II,
INAJI0912_T2,II,
INAJI0912_T3,II,
INFAN0209_T,II,
INGLE1179_T1,II,
INGLE1179_T2,II,
INGLE0181_T1,II,
INGLE0181_T2,II,
INGLE0282_T1,II,
INGLE0282_T2,II,
INGLE0485_T1,II,
INGLE0485_T2,II,
INGLE0686_T1,II,
INGLE0686_T2,II,
INGLE0588_T1,II,
INGLE0588_T2,II,
INGLE1289_T1,II,
INGLE1289_T2,II,
INGLE0791_T1,III,control
INGLE0791_T2,III,experiment
INGLE0994_T,II,
INGLE1295_T,II,
INGLE0297_T,II,
INGLE0797_T1,II,
INGLE0797_T2,II,
INGLE0399_T1,II,
INGLE0399_T2,II,
INGLE0306_T,II,
INOUE0884_T1,II,
INOUE0884_T2,II,
INOUE0110_T1,III,control
INOUE0110_T2,III,experiment
INOUE1215_T,I/II,
INOUE0616_T,II,
IRVIN1210_T,II,
IRWIN0880_T1,II,
IRWIN0880_T2,II,
ISAAC0111_T,I/II,
ISAKO0615_T1,II,
ISAKO0615_T2,II,
ISHID0709_T,II,
ISHIG1217_T,I/II,
ISHIK0404_T,II,
ISHIK0410_T,II,
ITALI0688_T1,III,experiment
ITALI0688_T2,III,control
ITO0298_T,II,
IWASE0913_T,II,
IWATA0613_T1,III,experiment
IWATA0613_T2,III,experiment
IWATA0315_T,II,
IZUO1285_T1,III,experiment
IZUO1285_T2,III,control
JABBO0789_T,II,
JACQU0212_T,II,
JAGIE0110_T,II,
JAHAN0502_T,II,
JAIN1177_T,II,
JAIN0685_T1,II,
JAIN0685_T2,II,
JAIN0216_T1,II,
JAIN0216_T2,II,
JAIN0216_T3,II,
JAKOB0986_T1,II,
JAKOB0986_T2,II,
JAKOB0986_T3,II,
JANKU1004_T,II,
JANNI0214_T1,II,
JANNI0214_T2,II,
JANSS1193_T1,II,
JANSS1193_T2,II,
JAPAN0278_T1,II,
JAPAN0278_T2,II,
JARAS0203_T,II,
JASMI0390_T,I/II,
JASSL0301_T1,III,experiment
JASSL0301_T2,III,control
JEHN1216_T,II,
JHAVE0614_T,II,
JODRE0591_T1,II,
JODRE0591_T2,II,
JOENS0510_T1,III,control
JOENS0510_T2,III,experiment
JOHN0512_T,II,
JOHNS0297_T,II,
JOHNS0404_T1,II,
JOHNS0404_T2,II,
JOHNS0708_T1,II,
JOHNS0708_T2,II,
JOHNS1109_T1,III,control
JOHNS1109_T2,III,experiment
JOHNS0913_T1,III,experiment
JOHNS0913_T2,III,experiment
JOHNS0913_T3,III,control
JONAT0295_T1,III,control
JONAT0295_T2,III,experiment
JONAT0396_T1,III,experiment
JONAT0396_T2,III,experiment
JONAT0396_T3,III,control
JONAT1013_T1,II,
JONAT1013_T2,II,
JONES0484_T,II,
JONES0791_T,II,
JONES1091_T,II,
JONES1095_T1,II,
JONES1095_T2,II,
JONES1199_T,II,
JONES0805_T1,III,experiment
JONES0805_T2,III,experiment
JONES0310_T,II,
JONSS0391_T,II,
JOSEP1095_T,II,
JOUVE0993_T,II,
JULKA0404_T,II,
JUNGI1280_T,II,
JURET0180_T,II,
KAJAN0693_T,II,
KAKOL1006_T,II,
KALBA0901_T,II,
KALOF1101_T,II,
KARAC0512_T,II,
KARAC0712_T,II,
KASHI0516_T,II,
KATSU0399_T,II,
KATSU0709_T1,III,control
KATSU0709_T2,III,experiment
KATSU0709_T3,III,experiment
KAUFM0889_T,II,
KAUFM0400_T1,III,experiment
KAUFM0400_T2,III,control
KAUFM0609_T,II,
KAUFM1109_T1,III,experiment
KAUFM1109_T2,III,control
KAUFM1210_T,II,
KAUFM0215_T1,III,experiment
KAUFM0215_T2,III,control
KAVAN0682_T,II,
KAYE0881_T,II,
KAYIT1192_T,II,
KELLE1004_T1,III,experiment
KELLE1004_T2,III,control
KELLO1187_T1,II,
KELLO1187_T2,II,
KELLO1113_T,II,
KENNE0268_T1,II,
KENNE0268_T2,II,
KENNE0175_T1,II,
KENNE0890_T,II,
KERBR0203_T,II,
KERPE0187_T,II,
KHOO1199_T,II,
KHOO0806_T1,II,
KHOO0806_T2,II,
KHOO0806_T3,II,
KIANG1185_T1,II,
KIANG1185_T2,II,
KIANG1185_T3,II,
KIANG1185_T4,II,
KIANG1185_T5,II,
KIANG1185_T6,II,
KIANG0295_T,II,
KIM0501_T,II,
KIM0908_T,II,
KIM0814_T1,II,
KIM0814_T2,II,
KIM1017_T1,II,
KIM1017_T2,II,
KIMMI0104_T,II,
KIRAZ0896_T,II,
KLAAS0497_T,II,
KLAAS0198_T,II,
KLEEB0690_T,II,
KLEEB1297_T1,II,
KLEEB1297_T2,II,
KLEFS0180_T1,II,
KLEFS0180_T2,II,
KLEFS0180_T3,II,
KLEFS0180_T4,II,
KLIJN1185_T1,II,
KLIJN1185_T2,II,
KLIJN1185_T3,II,
KLIJN1185_T4,II,
KLIJN0600_T1,II,
KLIJN0600_T2,II,
KLIJN0600_T3,II,
KNIGH0179_T1,II,
KNIGH0179_T2,II,
KNIGH0683_T1,II,
KNIGH0683_T2,II,
KNIGH0384_T,II,
KOCHU1092_T1,II,
KOCHU1092_T2,II,
KOEBE0311_T,II,
KOHLE1097_T1,II,
KOHLE1097_T2,II,
KOJIM1085_T,II,
KOLAR1083_T,II,
KOLAR0285_T1,III,experiment
KOLAR0285_T2,III,control
KOLAR0287_T,II,
KOLAR0388_T,II,
KOLAR0289_T1,III,experiment
KOLAR0289_T2,III,control
KOLAR1090_T,II,
KOLAR0391_T,II,
KOLAR0591_T,II,
KONG0616_T,I/II,
KONIG0902_T,II,
KONIT1082_T,II,
KONTO0115_T,II,
KORNE0394_T,II,
KORNE1196_T,II,
KORNE0998_T,II,
KORNE0201_T,II,
KORNE0502_T,II,
KOSMA1007_T,II,
KOSMI1287_T,II,
KOSMI0190_T1,II,
KOSMI0190_T2,II,
KOUNT0710_T,II,
KOURO0698_T,II,
KOYAM0599_T1,II,
KOYAM0599_T2,II,
KRAUT0100_T,II,
KROOK0485_T1,II,
KROOK0485_T2,II,
KROOK0290_T,II,
KROP0912_T,II,
KROP0614_T1,III,experiment
KROP0316_T1,I/II,
KROP0316_T2,I/II,
KROP0616_T1,II,experiment
KROP0616_T2,II,control
KROP0616_T3,II,experiment
KROP0616_T4,II,control
KUBOT1193_T,II,
KUCUK0999_T,II,
KUEBL1284_T,II,
KUMAR0484_T1,II,
KUMAR0484_T2,II,
KUMMA0616_T1,II,
KUMMA0616_T2,II,
KURTZ0307_T,II,
KUSAM1010_T,II,
KVINN0500_T,II,
KWASN1000_T,II,
LABRI0304_T,II,
LALIS0711_T1,II,
LALIS0711_T2,II,
LAM1214_T1,II,
LAM1214_T2,II,
LANG0213_T1,III,control
LANG0213_T2,III,experiment
LANG0214_T,II,
LANGE0295_T,II,
LANGK0408_T,I/II,
LANGR1105_T1,III,experiment
LANGR1105_T2,III,control
LASAL0304_T1,II,experiment
LASAL0304_T2,II,control
LASAL0304_T3,II,control
LASSI0608_T,II,
LAUFM0901_T,II,
LAWTO0293_T1,II,
LAWTO0293_T2,II,
LAWTO0293_T3,II,
LEE0186_T1,II,
LEE0186_T2,II,
LEE0186_T3,II,
LEE0186_T4,II,
LEE0904_T,II,
LEE0308_T,II,
LEE0611_T,II,
LEE0213_T,II,
LEGHA1179_T1,II,
LEGHA1179_T2,II,
LEGHA1279_T,II,
LEHNE0386_T,II,
LEIBY0488_T,II,
LEIGH0308_T,II,
LEITN1185_T,II,
LEMME1195_T,II,
LENK0290_T,II,
LEO1010_T1,III,experiment
LEO1010_T2,III,control
LEONA0787_T1,III,experiment
LEONA0787_T2,III,control
LEONA0495_T,II,
LEONA0100_T,II,
LEONA0602_T,II,
LEONA0710_T,II,
LEONE1196_T,II,
LERNE1076_T1,II,
LERNE1076_T2,II,
LEVI1095_T,II,
LEVIN1284_T,II,
LEVIN0699_T,II,
LEVIN1102_T,II,
LEYDE0284_T,II,
LEYLA1103_T,II,
LI0409_T,II,
LI0712_T,II,
LI0715_T,II,
LIAO1213_T1,II,
LIAO1213_T2,II,
LICCH0610_T,II,
LIN0107_T1,II,experiment
LIN0107_T2,II,experiment
LIN0207_T,II,
LIN0807_T,II,
LIN1107_T,II,
LIN0408_T,II,
LIN1211_T1,II,
LIN1211_T2,II,
LIN0612_T,II,
LIN0613_T,II,
LIN0815_T1,II,
LIN0815_T2,II,
LIND0395_T,II,
LINDE1213_T,II,
LIONE1286_T,II,
LIPPM0184_T1,II,
LIPPM0184_T2,II,
LIPTO0882_T1,II,
LIPTO0882_T2,II,
LIPTO0187_T1,II,
LIPTO0187_T2,II,
LISSO0495_T,II,
LISSO0101_T,II,
LISSO0202_T1,II,
LISSO0202_T2,II,
LISSO0103_T,II,
LIVI0313_T,II,
LIVIN0497_T,I/II,
LIVIN1111_T,II,
LLOMB0998_T,II,
LLOMB0607_T1,II,
LLOMB0607_T2,II,
LLOMB0112_T1,II,
LLOMB0112_T2,II,
LLOYD0179_T1,II,
LLOYD0179_T2,II,
LLUCH0694_T,II,
LLUCH1200_T,II,
LOBO1199_T,II,
LOBO0403_T,II,
LOBO0910_T,II,
LOESC0902_T1,II,
LOESC0902_T2,II,
LOESC0103_T1,II,
LOESC0103_T2,II,
LOESC1106_T,II,
LOESC0408_T1,II,
LOESC0408_T2,II,
LOESC0408_T3,II,
LOIBL0804_T,II,
LOIBL1211_T,II,
LOKIC1277_T1,II,
LOKIC1277_T2,II,
LOMBA0800_T,II,
LOMBA0504_T,II,
LONG1088_T,II,
LONNI0600_T,II,
LONNI0501_T,II,
LOPEZ1283_T1,II,
LOPEZ1283_T2,II,
LOPEZ0386_T,II,
LOPEZ0189_T1,II,
LOPEZ0189_T2,II,
LOPEZ1289_T1,II,
LOPEZ1289_T2,II,
LOPEZ0191_T,II,
LOPEZ0995_T,II,
LOPRI0291_T,II,
LORTH0603_T,II,
LORTH0112_T1,II,
LORTH0112_T2,II,
LORUS0203_T,I/II,
LORUS0606_T,II,
LORUS1114_T1,III,control
LORUS1114_T2,III,experiment
LOUVE1293_T1,II,
LOW0405_T,II,
LUCK0613_T1,III,experiment
LUCK0613_T2,III,control
LUCK0115_T1,III,experiment
LUCK0115_T2,III,control
LUNDG1189_T1,II,
LUNDG1189_T2,II,
LUSTB0712_T,I/II,
LUU1108_T,II,
LUU0414_T,I/II,
LV0315_T,II,
LYMAN0504_T1,II,
LYMAN0504_T2,II,
LYSS0689_T1,II,
LYSS0689_T2,II,
MA0206_T,II,
MA0113_T,II,
MACHE0891_T,II,
MACKE1004_T,I/II,
MACKE0115_T1,III,experiment
MACKE0115_T2,III,control
MADHU1004_T,II,
MAEDA0417_T,II,
MAICH0400_T,II,
MAISA0303_T,II,
MAISA0707_T,II,
MAISA0211_T,II,
MALMS0110_T,II,
MAMMO0294_T,II,
MANI0909_T,II,
MANN0985_T1,II,
MANN0985_T2,II,
MANN0985_T3,II,
MANSI0991_T,II,
MANSO0813_T,II,
MAO0311_T,II,
MARCO0307_T,II,
MARGO0494_T1,II,
MARGO0494_T2,II,
MARIA1201_T,I/II,
MARSC0589_T1,III,experiment
MARSC0589_T2,III,experiment
MARTI1184_T1,II,
MARTI1184_T2,II,
MARTI0388_T1,II,
MARTI0388_T2,II,
MARTI1290_T,II,
MARTI0392_T,II,
MARTI0594_T1,II,
MARTI1097_T,II,
MARTI0100_T,II,
MARTI1200_T,II,
MARTI0803_T,II,
MARTI1204_T,II,
MARTI0307_T1,III,experiment
MARTI0307_T2,III,control
MARTI0411_T1,II,
MARTI0411_T2,II,
MARTI0411_T3,II,
MARTI1211_T,II,
MARTI1213_T1,II,
MARTI1213_T2,II,
MARTI0215_T1,II,
MARTI0215_T2,II,
MARTI0315_T1,III,control
MARTI0315_T2,III,experiment
MARTI0716_T,I/II,
MARTI0217_T1,III,experiment
MARTI0217_T2,III,control
MARTO0590_T1,II,
MARTO0590_T2,II,
MARTY0705_T1,II,
MARTY0705_T2,II,
MASSA0305_T,II,
MASSA1006_T,II,
MASSA0114_T,II,
MATEL0485_T1,II,
MATEL0485_T2,II,
MATHE1086_T,II,
MATTI0904_T,II,
MATTS1177_T,II,
MATTS1278_T,II,
MATTS1079_T1,II,
MATTS1079_T2,II,
MATTS0182_T,II,
MAVRO0299_T,II,
MAVRO1000_T,II,
MAVRO0303_T,II,
MAVRO0304_T,II,
MAVRO0110_T1,III,control
MAVRO0110_T2,III,experiment
MAYER1009_T,I/II,
MAYER1210_T1,II,
MAYER1210_T2,II,
MAYER1111_T1,II,
MAYER1111_T2,II,
MAYER0117_T,I/II,
MCDON0984_T,II,
MCINT0714_T,II,
MEHTA0812_T1,III,control
MEHTA0812_T2,III,experiment
MEISN0489_T,II,
MELIC0415_T,II,
MERLI0594_T,II,
MEY0303_T,II,
MICHA0597_T,II,
MICHA0309_T,II,
MICHA0710_T,II,
MICHE1096_T,II,
MICHE0100_T,II,
MILES0701_T,II,
MILES0710_T1,III,control
MILES0710_T2,III,experiment
MILES0710_T3,III,experiment
MILES0117_T1,III,control
MILES0117_T2,III,experiment
MILLA0101_T1,III,experiment
MILLA0101_T2,III,control
MILLA0401_T,II,
MILLA0603_T1,III,experiment
MILLA0603_T2,III,control
MILLE0896_T1,II,
MILLE0896_T2,II,
MILLE0896_T3,II,
MILLE0100_T,II,
MILLE0104_T,II,
MILLE0514_T1,II,
MILLE0514_T2,II,
MILLE1114_T1,II,
MILLE1114_T2,II,
MILLN1207_T1,III,experiment
MILLN1207_T2,III,control
MILLO0205_T1,III,control
MILLO0205_T2,III,experiment
MILLW0990_T,II,
MILLW0194_T,II,
MILST0485_T1,II,
MILST0485_T2,II,
MINA1209_T,II,
MINA1013_T,II,
MIRTS0111_T1,II,
MIRTS0111_T2,II,
MISRA0589_T,II,
MITA0614_T1,II,
MITA0614_T2,II,
MITCH0404_T,II,
MITRI1216_T,I/II,
MITTE0788_T,II,
MLINE1004_T,II,
MLINE0209_T,II,
MODI0305_T,II,
MODI0405_T,II,
MODI0811_T,II,
MODI0513_T,II,
MODIG0690_T,II,
MODIGB0690_T,II,
MOLLE1281_T,II,
MONTA0817_T1,II,
MONTA0817_T2,II,
MONTE0104_T,II,
MORAB0303_T,I/II,
MORAB0804_T,I/II,
MORAB0505_T,II,
MORAB0806_T,II,
MORAG0395_T,II,
MORAL0104_T,II,
MOREN0109_T,II,
MORRO1010_T1,II,
MORRO1010_T2,II,
MORRO0811_T,I/II,
MORRO0912_T,II,
MOSES0378_T,II,
MOULD1108_T,II,
MOULD0210_T1,II,
MOULD0210_T2,II,
MOULL0210_T,II,
MOURI0177b_T1,II,
MOURI0177b_T2,II,
MOURI0180_T1,II,
MOURI0180_T2,II,
MOURI0780_T,II,
MOURI1280_T1,III,control
MOURI1280_T2,III,experiment
MOURIb1280_T1,II,
MOURIb1280_T2,II,
MOURI0383_T1,I/II,
MOURI0383_T2,I/II,
MOURI1283_T,II,
MOURI0501_T1,III,experiment
MOURI0501_T2,III,control
MOY0414_T1,II,
MOY0414_T2,II,
MOY0414b_T,II,
MROSS0193_T1,II,
MROSS0193_T2,II,
MROZE0606_T,II,
MROZE0808_T,II,
MROZE0412_T,II,
MUNST0611_T,II,
MURAD0897_T,II,
MURAD0201_T,II,
MURIA1011_T,II,
MURRA0995_T,II,
MUSOL0217_T1,II,
MUSOL0217_T2,II,
MUSS1277_T1,II,
MUSS1277_T2,II,
MUSS1282_T1,II,
MUSS1282_T2,II,
MUSS0984_T1,II,
MUSS0984_T2,II,
MUSS0984_T3,II,
MUSS0385_T1,III,experiment
MUSS0385_T2,III,control
MUSS0690_T,II,
MUSS1190_T1,III,control
MUSS1190_T2,III,experiment
MUSS0894_T1,III,control
MUSS0894_T2,III,experiment
MUSTH1102_T,II,
NABHD0696_T1,III,experiment
NABHD0696_T2,III,experiment
NABHO0697_T,II,
NABHO1098_T,II,
NABHO0599_T1,III,experiment
NABHO0599_T2,III,control
NABHO1100_T1,III,experiment
NABHO1100_T2,III,control
NABHT0303_T1,III,control
NABHT0303_T2,III,experiment
NAGEL0882_T,II,
NAGOU1008_T,II,
NAMER0601_T1,III,control
NAMER0601_T2,III,experiment
NANDA0716_T,I/II,
NASO0893_T,II,
NASR0604_T,II,
NAVAR0589_T,II,
NECHU0814_T,I/II,
NEIDH0586_T1,II,
NEIDH0586_T2,II,
NEMOT0582_T1,II,
NEMOT0582_T2,II,
NEMOT0582_T3,II,
NEMOT0582_T4,II,
NERI0293_T1,II,
NERI0293_T2,II,
NESKO0194_T,II,
NESKO0796_T,II,
NICHO0578_T1,II,
NICHO0578_T2,II,
NICHO0897_T,II,
NICOL0700_T,II,
NIELS0790_T1,III,control
NIELS0790_T2,III,experiment
NIELS0592_T,II,
NIELS0600_T1,III,control
NIELS0600_T2,III,experiment
NIELS1211_T1,III,experiment
NIELS1211_T2,III,control
NISHI0504_T,II,
NISHI0505_T,II,
NISHI0513_T,II,
NISTI0899_T,II,
NISTIb0899_T,II,
NISTI0200_T,II,
NISTI0405_T,I/II,
NISTI0306_T,II,
NISTI0707_T,II,
NJAIJ0313_T,II,
NOAUT0682_T1,III,control
NOAUT0682_T2,III,experiment
NOAUT0385_T1,II,
NOAUT0385_T2,II,
NOBER1195_T,II,
NOLE0997_T,I/II,
NOLE0101_T1,II,
NOLE0101_T2,II,
NOLE0909_T,II,
NOOIJ0303_T1,II,experiment
NOOIJ0303_T2,II,experiment
NORRS0600_T1,III,experiment
NORRS0600_T2,III,control
NORTH0414_T,II,
OBERH0601_T,II,
OBRIE0190_T,II,
OBRIE0591_T,II,
OBRIE1193_T,II,
OBRIE0596_T,II,
OBRIE0304_T1,III,experiment
OBRIE0304_T2,III,control
OBRYA0378_T,II,
OBYRN0698_T1,II,
OBYRN0698_T2,II,
OBYRN0698_T3,II,
OBYRN0698_T4,II,
OBYRN0399_T,II,
OGAWA0703_T,II,
OKSUZ0908_T,II,
OLIVA0310_T,II,
ONYEN0406_T,II,
ONYEN1007_T,II,
OREIL0189_T,II,
ORLAN0906_T,II,
ORLAN0414_T,II,
ORPHA0110_T,II,
OSBOR0702_T1,III,experiment
OSBOR0702_T2,III,control
OSBOR0311_T1,II,
OSBOR0311_T2,II,
OSHAU1199_T,II,
OSHAU0901_T1,II,experiment
OSHAU0901_T2,II,control
OSHAU0602_T1,III,experiment
OSHAU0602_T2,III,control
OSHAU0604_T,II,
OSHAU0605_T1,II,
OSHAU0605_T2,II,
OSHAU0111_T1,III,experiment
OSHAU0111_T2,III,control
OSHAU1214_T1,III,control
OSHAU1214_T2,III,experiment
OSHAU0116_T1,II,
OSHAU0116_T2,II,
OSHAU0116_T3,II,
OSTER1091_T,II,
OVERM0605_T1,II,
OVERM0605_T2,II,
OVERM0605_T3,II,
PACIL0506_T1,III,experiment
PACIL0506_T2,III,control
PACIN0494_T,II,
PACIN0500_T1,III,control
PACIN0500_T2,III,experiment
PACIN0500_T3,III,experiment
PACIN0500_T4,III,experiment
PAGAN0800_T,I/II,
PAGAN0217_T1,III,experiment
PAGAN0217_T2,III,control
PAI1092_T,II,
PAJK0408_T1,II,
PAJK0408_T2,II,
PALAC0192_T,II,
PALLI0512_T1,III,experiment
PALLI0512_T2,III,control
PALME1277_T,II,
PALME0691_T,II,
PALME1002_T,II,
PALME0405_T,II,
PALMI1112_T1,II,experiment
PALMI1112_T2,II,experiment
PALOM1194_T,II,
PANAG0297_T,I/II,
PANAS0990_T,II,
PANDY0180_T,II,
PANDY1085_T,II,
PANNU0478_T,II,
PANNU0479_T1,II,
PANNU0479_T2,II,
PANNU0180_T1,II,
PANNU0180_T2,II,
PANNU0884_T,II,
PANNU0884b_T1,III,control
PANNU0884b_T2,III,experiment
PAPAD0309_T1,II,control
PAPAD0309_T2,II,experiment
PAPAL0406_T1,II,
PAPAL0406_T2,II,
PARID0182_T,II,
PARID0585_T,II,
PARID0986_T1,II,
PARID0986_T2,II,
PARID0198_T,II,
PARID0303_T,II,
PARID0903_T1,II,
PARID0903_T2,II,
PARIT0200_T1,III,experiment
PARIT0200_T2,III,control
PARK0205_T,II,
PARK0610_T1,II,
PARK0610_T2,II,
PARK1010_T1,II,
PARK1010_T2,II,
PARK0513_T1,III,experiment
PARK0513_T2,III,control
PARK1014_T,II,
PARK1117_T1,II,experiment
PARK1117_T2,II,control
PARNE0891_T,I/II,
PARNE0503_T1,III,control
PARNE0503_T2,III,experiment
PARVI0585_T1,II,
PARVI0585_T2,II,
PASSA0306_T,II,
PATER0180_T1,II,
PATER0180_T2,II,
PAUL0296_T,II,
PAVES0395_T1,III,experiment
PAVES0395_T2,III,control
PAWLI0302_T,II,
PAZOS0599_T,II,
PECTA0901_T,II,
PECTA0403_T,II,
PECTA0112_T,II,
PEDRA0894_T,II,
PEERE0414_T,II,
PEGRA0898_T,II,
PELEG1205_T,II,
PEREL1101_T,II,
PERES0700_T,II,
PEREY0107_T1,II,
PEREY0107_T2,II,
PEREZ1291_T1,II,
PEREZ1291_T2,II,
PEREZ0393_T,II,
PEREZ0794_T1,III,experiment
PEREZ0794_T2,III,control
PEREZ0100_T,II,
PEREZ0502_T1,II,
PEREZ0502_T2,II,
PEREZ0704_T1,II,
PEREZ0704_T2,II,
PEREZ0205_T,II,
PEREZ0605_T,II,
PEREZ1205_T1,II,
PEREZ1205_T2,II,
PEREZ0807_T,II,
PEREZ0210_T,II,
PEREZ1115_T1,III,experiment
PEREZ0117_T1,III,control
PEREZ0117_T2,III,experiment
PEREZ0117_T3,III,experiment
PERIT0391_T1,II,
PERIT0391_T2,II,
PERLO1278_T,II,
PERRA0988_T,II,
PERRA1096_T,II,
PERRE0685_T,II,
PERRO0893_T,II,
PERRO0694_T,II,
PERRO0216_T,II,
PERRY1087_T1,III,experiment
PERRY1087_T2,III,control
PERRY0195_T,II,
PESTA0695_T,II,
PETIT0306_T,II,
PFEIF0596_T1,III,experiment
PFEIF0596_T2,III,control
PIERG0495_T1,III,control
PIERG0495_T2,III,experiment
PINNA0984_T,II,
PIPPE0410_T1,II,
PIPPE0410_T2,II,
PIRCH0115_T,II,
PIVOT0908_T,II,
PIVOT0515_T1,III,experiment
PIVOT0515_T2,III,control
POLYZ0503_T,II,
POLYZ1203_T,II,
POLYZ0711_T,II,
PORTE0508_T,II,
POSSI0291_T,II,
POSSI0994_T,II,
POSSI0299_T,II,
POWLE0684_T1,III,experiment
POWLE0684_T2,III,control
POWLE0891_T1,III,experiment
POWLE0891_T2,III,control
PRIES0975_T1,II,
PRIES0975_T2,II,
PRIES0577_T2,II,
PRITC0910_T1,II,
PRITC0910_T2,II,
PRITC0910_T3,II,
PRONZ0685_T,II,
PRONZ0686_T,II,
PRONZ1087_T,II,
PRONZ0289_T,II,
PRONZ1190_T,II,
PRONZ0391_T,II,
PRONZ1291_T,II,
PRONZ1193_T1,II,
PRONZ1193_T2,II,
PRONZ1094_T,II,
PRONZ0197_T,II,
PRONZb1087_T,II,
PUGLI0798_T,II,
PUGLI0908_T,II,
PUSZT1098_T,II,
PUSZT0199_T,II,
PUSZT0903_T,I/II,
PUSZT1014_T1,II,
PUSZT1014_T2,II,
PUSZT1014_T3,II,
PYRHO0690_T,II,
PYRHO0297_T1,III,experiment
PYRHO0297_T2,III,control
QUEIS0291_T,I/II,
RAATS0192_T1,II,
RAATS0192_T2,II,
RAFF0204_T1,II,
RAFF0204_T2,II,
RAMAS0506_T,II,
RAMAS0411_T,II,
RAMAS0412_T,I/II,
RAMIR0375_T1,II,
RAMIR0375_T2,II,
RAMNA0897_T,II,
RAMOS0403_T,II,
RANAD0613_T1,II,
RANAD0613_T2,II,
RANAD0613_T3,II,
RANKI0787_T,II,
RANKI1187_T,II,
RANSO1097_T,II,
RAU0515_T,II,
RAUSC0194_T1,II,
RAUSC0194_T2,II,
RAUSC0194_T3,II,
RAVDI0494_T1,II,
RAVDI0494_T2,II,
RAVDI1295_T,II,
RAYMO0396_T,II,
RAYSO0516_T,II,
RAZIS0104_T,II,
RECCH0497_T,II,
RECCH0801_T,II,
RECCH0409_T,II,
REICH1093_T,II,
REICH0803_T,II,
REICH1207_T,II,
REMIC0496_T,II,
REPET0294_T,II,
REPET0995_T,II,
REYNO0104_T1,III,experiment
REYNO0104_T2,III,control
RHA0405_T,II,
RIBAS0398_T,II,
RICCA0995_T1,II,
RICCA0995_T2,II,
RICHA0592_T1,III,control
RICHA0592_T2,III,experiment
RICHA0799_T,II,
RIES0191_T,I/II,
RIGAT1103_T,II,
RIMAS0103_T,II,
RISCH1092_T,II,
RISCH0800_T,II,
RISPO0108_T,II,
RIVEI0903_T,II,
RIVER1200_T1,II,
RIVER1200_T2,II,
RIVER0202_T,II,
RIVER0304_T,II,
RIVER0408_T1,III,control
RIVER0408_T2,III,experiment
RIVER0214_T,II,
RIXE1109_T1,II,
RIXE1109_T2,II,
RIXE1109_T3,II,
RO0787_T,II,
ROBER1190_T1,II,
ROBER1190_T2,II,
ROBER0606_T1,III,experiment
ROBER0606_T2,III,control
ROBER0909_T1,II,
ROBER0909_T2,II,
ROBER0211_T,II,
ROBER0411_T1,III,experiment
ROBER0411_T2,III,control
ROBER0313_T1,II,
ROBER0313_T2,II,
ROBIN1281_T,II,
ROBIN1190_T,II,
ROBSO0817_T,III,
ROBUS0693_T1,II,
ROBUS0693_T2,II,
ROCHE0807_T,II,
ROCHL1016_T1,III,control
ROCHL1016_T2,III,experiment
RODRI1102_T,II,
ROMER0387_T2,II,
ROMER0294_T,II,
ROMER0199_T,II,
RON0299_T,II,
RORTH0180_T1,III,control
RORTH0180_T2,III,experiment
RORTH0180_T3,III,experiment
ROSAT0500_T,II,
ROSAT0211_T1,I/II,
ROSAT0211_T2,I/II,
ROSE0500_T1,II,
ROSE0500_T2,II,
ROSE0500_T3,II,
ROSE1103_T1,III,experiment
ROSE1103_T2,III,experiment
ROSNE0387_T1,II,
ROSNE0387_T2,II,
ROSNE0387_T3,II,
ROSSI0403_T,II,
ROSSO0975_T,II,
ROSSO1193_T1,II,
ROSSO1193_T2,III,
ROSSO1193_T3,III,
ROTH0791_T,II,
ROUES0685_T,II,
ROUES0693_T,II,
ROY0309_T,II,
ROZEN0484_T1,II,
ROZEN0484_T2,II,
RUBEN1275_T1,II,
RUBEN1275_T2,II,
RUBEN1078_T1,II,
RUBEN1078_T2,II,
RUBEN1291_T,II,
RUBIN0789_T,II,
RUDEK0513_T,II,
RUFF0909_T1,II,
RUFF0909_T2,II,
RUGO0611_T1,II,
RUGO0611_T2,II,
RUGO0712_T,II,
RUGO0613_T1,II,
RUGO0613_T2,II,
RUGO0613_T3,II,
RUGO0715_T1,III,control
RUGO0715_T2,III,experiment
RUGO0715_T3,III,experiment
RUGO0117_T1,III,experiment
RUGO0117_T2,III,control
RUIZ1108_T,II,
RUSSE1177_T1,II,
RUSSE1177_T2,II,
RUSSE0797_T1,III,control
RUSSE0797_T2,III,control
RUSSE0797_T3,III,experiment
SAEK0204_T,II,
SAEKI0106_T,II,
SAIP1013_T,II,
SALEM0608_T,II,
SALIM0480_T1,III,control
SALIM0480_T2,III,experiment
SALMA0102_T,I/II,
SALMI0499_T,II,
SALMI1002_T,II,
SALVA0215_T,II,
SAMON0490_T,II,
SAMON0994_T1,II,
SAMON0994_T2,II,
SAMON0994_T3,II,
SAMON0997_T,II,
SANCH0190_T,II,
SANCH1000_T,II,
SANCH0707_T,II,
SAPHN0893_T1,II,
SAPHN0893_T2,II,
SARNA0585_T,II,
SATO0101_T,II,
SATO0803_T,II,
SATO0206_T,II,
SAURA1114_T,II,
SAVIO0606_T,II,
SAWAK0112_T,II,
SCHAL0807_T,II,
SCHEI0590_T,II,
SCHEI1291_T,II,
SCHEI0193_T,II,
SCHEL0482_T1,II,
SCHEL0482_T2,II,
SCHIF0692_T,II,
SCHIL0891_T,II,
SCHIL0409_T,II,
SCHIP0912_T,II,
SCHMI0899_T,II,
SCHMI0101_T,II,
SCHMI0105_T2,III,control
SCHMI0905_T,II,
SCHMI0508_T,I/II,
SCHMI0709_T,II,
SCHMI0210_T1,II,
SCHMI0210_T2,II,
SCHOR0792_T,II,
SCHOT0112_T,II,
SCHOT0816_T1,II,
SCHOT0816_T2,II,
SCHRO0611_T1,III,experiment
SCHRO0611_T2,III,control
SCHUL0812_T1,II,
SCHUL0812_T2,II,
SCHWA0497_T,II,
SCHWA0412_T,II,
SCHWA0513_T1,II,
SCHWA0513_T2,II,
SCHWA0214_T,II,
SCHWA0614_T1,II,
SCHWA0614_T2,II,
SCHWO1000_T,II,
SCINT0995_T,II,
SEGAL0385_T1,III,control
SEGAL0385_T2,III,experiment
SEIDM1095_T1,II,
SEIDM1095_T2,II,
SEIDM0696_T,II,
SEIDM1098_T,II,
SEIDM0501_T,II,
SEIDM0408_T1,III,control
SEIDM0408_T2,III,experiment
SEIDM0408_T3,III,experiment
SEIDM0408_T4,III,experiment
SEIDM0511_T1,III,experiment
SEIDM0511_T2,III,experiment
SEIDM0813_T1,II,
SEIDM0813_T2,II,
SEIDM0813_T3,II,
SEIDN0595_T,II,
SEILE0215_T,II,
SENBA0190_T,II,
SEO0402_T,II,
SEO0207_T,II,
SEO0209_T,II,
SEO0411_T,II,
SERIN0605_T,II,
SERVI0212_T,II,
SESSA0988_T,II,
SEZGI0107_T,II,
SHAMS0699_T,II,
SHAPI0599_T,II,
SHEHA0110_T,II,
SHERW0583_T,II,
SHIPP1083_T,II,
SHIU1291_T,II,
SIDER1212_T,II,
SILVA0408_T,II,
SINGH0314_T,II,
SJOST0899_T1,III,experiment
SJOST0899_T2,III,control
SKOVS0901_T1,II,
SKOVS0901_T2,II,
SLAMO0301_T1,III,experiment
SLAMO0301_T2,III,control
SLAMO0301_T3,III,experiment
SLAMO0301_T4,III,control
SLEDG0100_T1,III,control
SLEDG0100_T2,III,experiment
SLEDG0203_T1,III,control
SLEDG0203_T2,III,experiment
SLEDG0203_T3,III,experiment
SLEDGB0203_T,II,
SLEDG0917_T1,III,experiment
SLEDG0917_T2,III,control
SMALL1176_T1,II,
SMALL1176_T2,II,
SMALL1176_T3,II,
SMALL0283_T1,III,experiment
SMALL0283_T2,III,control
SMALL1183_T,II,
SMITH0180_T1,II,
SMITH0180_T2,II,
SMITH0180_T3,II,
SMITH1181_T1,II,
SMITH1181_T2,II,
SMITH0882_T,II,
SMITH1283_T,II,
SMITH0487_T,II,
SMITH0189_T,II,
SMITH0896_T,II,
SMITH0600_T,II,
SMITH1202_T,II,
SMITH1109_T,II,
SMITH1113_T1,II,
SMITH1113_T2,II,
SMORE0301_T,II,
SMORE0314_T1,III,experiment
SMORE0314_T2,III,control
SOLE0295_T,II,
SOMLO0212_T,I/II,
SOULE1002_T,II,
SPANO0604_T,II,
SPARA0597_T,II,
SPARA1299_T,II,
SPARA0600_T,II,
SPARA1204_T1,III,experiment
SPARA1204_T2,III,control
SPARA0909_T1,III,control
SPARA0909_T2,III,experiment
SPARA0710_T1,III,experiment
SPARA0710_T2,III,control
SPICE1192_T,II,
SPIEL0790_T,II,
SPIEL0994_T,II,
SPIEL1299_T,II,
SPIEL0601_T,II,
SPITT0887_T1,III,control
SPITT0887_T2,III,experiment
SPOON0591_T1,II,
SPOON0591_T2,II,
STATH0102_T,II,
STATH1105_T,II,
STEBB0513_T,II,
STEIN0278_T,II,
STEIN0390_T,I/II,
STEIN1292_T1,II,
STEIN1292_T2,II,
STEIN0909_T,II,
STEMM1001_T,II,
STEMM0405_T,II,
STEMM1205_T,II,
STEMM0310_T1,III,experiment
STEMM0310_T2,III,control
STEMM0310b_T1,III,experiment
STEMM0310b_T2,III,control
STEMM0311_T1,II,
STEMM0311_T2,II,
STEMM0311_T3,II,
STENB0193_T1,II,
STENB0193_T2,II,
STEWA1282_T1,II,
STEWA1282_T2,II,
STEWA0392_T,II,
STEWA0597_T1,III,control
STEWA0597_T2,III,experiment
STICK1009_T,II,
STOCK1011_T1,III,experiment
STOCK1011_T2,III,experiment
STOCK1011_T3,III,control
STOGE0194_T,II,
STOGE0294_T,I/II,
STOGE1194_T,II,
STUAR0488_T,II,
STUAR0308_T,II,
SUBRA0699_T,I/II,
SUN0612_T,II,
SUN0314_T,II,
SUSNJ1199_T,II,
SUTTO0497_T,II,
SUZUK1109_T,I/II,
SUZUK0512_T,II,
SWAIN0988_T1,II,
SWAIN0988_T2,II,
SWAIN0789_T,II,
SWAIN0395_T,II,
TABER0904_T1,II,
TABER0904_T2,II,
TAGUC1104_T,II,
TAGUC0510_T,II,
TAGUC0313_T,II,
TAHA0909_T,II,
TAI1212_T,II,
TAKAS1097_T,II,
TAKAS0714_T,II,
TAKAS0116_T1,III,experiment
TALBO1291_T,II,
TALBO0593_T,II,
TALBO0502_T1,II,
TALBO0502_T2,II,
TALLE0870_T1,II,
TALLE0870_T2,II,
TAMUR0517_T1,II,
TAMUR0517_T2,II,
TAN1087_T,II,
TAN0310_T,II,
TAN0412_T,II,
TAN1013_T,II,
TANAK0410_T,II,
TANNO0988_T1,II,
TANNO0988_T2,II,
TARTA0501_T,II,
TAS0808_T,II,
TASHI0894_T1,II,
TASHI0894_T2,II,
TASHI0995_T1,II,
TASHI0995_T2,II,
TASHI0995_T3,II,
TAWFI0413_T,II,
TAYLO1282_T,II,
TAYLO0486_T1,II,
TAYLO0486_T2,II,
TAYLO0197_T,II,
TAYLO0398_T1,II,
TAYLO0810_T,II,
TEDES0304_T,II,
TENBO0794_T,II,
TENTI0204_T,II,
TEREN0396_T1,II,
TEREN0396_T2,II,
THERI0396_T,II,
THOMA0294_T,II,
THOMA0807_T,II,
THOMA1107_T1,III,experiment
THOMA1107_T2,III,control
THONG0187_T1,II,
THONG0187_T2,II,
THURL0796_T1,III,control
THURL0796_T2,III,experiment
THURL0697_T1,III,experiment
THURL0697_T2,III,control
THURL1097_T1,II,
THURL1097_T2,II,
THURL1097_T3,II,
THUSS0803_T,II,
TIERS0203_T,II,
TIREL1084_T,II,
TOI0605_T,II,
TOI1109_T1,II,
TOI1109_T2,II,
TOI0312_T,II,
TOKUD0808_T,II,
TOLAN0713_T1,II,
TOLAN0713_T2,II,
TOLAN1015_T,II,
TOLAN0117_T,II,
TOLCH0299_T1,II,
TOLCH0299_T2,II,
TOMAO0506_T,II,
TOMIN0489_T1,II,
TOMIN0489_T2,II,
TOMIN0794_T1,II,
TOMIN0794_T2,II,
TOMIN0103_T1,II,
TOMIN0103_T2,II,
TOMIN0403_T1,II,
TOMIN0403_T2,II,
TOMIN0403_T3,II,
TOMIN0403_T4,II,
TOMIN0403_T5,II,
TONG0405_T,II,
TOPPM0302_T,II,
TORME0684_T1,III,control
TORME0684_T2,III,experiment
TORME0684_T3,III,experiment
TORME0282_T1,II,
TORME0282_T2,II,
TORME0282_T3,II,
TORMG0283_T1,II,
TORMG0283_T2,II,
TORMG0283_T3,II,
TORMG0283_T4,II,
TORMG0283_T5,II,
TORTO0198_T,I/II,
TOYAM1203_T,II,
TREAT0789_T,II,
TREAT1190_T,II,
TREDA0215_T1,II,
TREDA0215_T2,II,
TREDA0616_T1,III,control
TREDA0616_T2,III,experiment
TRUDE0606_T,II,
TRUDE1209_T,II,
TRUDL0296_T,II,
TRUMP0181_T,II,
TRYFO1213_T,I/II,
TRYFO0116_T1,II,
TRYFO0116_T2,II,
TRYFO0617_T1,II,
TRYFO0617_T2,II,
TUBIA0709_T,II,
TURNE0715_T1,III,experiment
TURNE0715_T2,III,control
TURPI0499_T,II,
TURRI0295_T,II,
TWELV0494_T,II,
TWELV1194_T,II,
TZEKO1291_T1,II,
TZEKO1291_T2,II,
ULRIC0207_T,II,
UNTCH0310_T1,II,
UNTCH0310_T2,II,
UNTCH0310_T3,II,
URRUT0205_T,II,
URRUT0917_T1,III,control
URRUT0917_T2,III,experiment
VAHDA0609_T1,II,
VAHDA0609_T2,II,
VAHDA0713_T1,II,
VAHDA0713_T2,II,
VAHDA0317_T1,II,
VAHDA0317_T2,II,
VAHDA0317_T3,II,
VALAV0488_T,II,
VALEN0400_T,II,
VALER1295_T,II,
VALER1098_T1,II,
VALER1098_T2,II,
VALER0599_T,II,
VALER0111_T1,III,control
VALER0111_T2,III,experiment
VALLE0393_T1,II,
VALLE0393_T2,II,
VANAM0179_T,I/II,
VANDE0793_T,II,
VANDE1194_T,II,
VANOO0180_T,II,
VANOO0586_T1,II,
VANOO0586_T2,II,
VANTO0300_T1,II,
VANTO0300_T2,II,
VANVE0786_T1,II,
VANVE0786_T2,II,
VASSI0203_T,II,
VASSI0703_T,II,
VASSI0405_T,II,
VAUGH0581_T1,II,
VAUGH0581_T2,II,
VAUGH0588_T1,II,
VAUGH0588_T2,II,
VENTU0400_T1,II,
VENTU0400_T2,II,
VENTU0400_T3,II,
VENTU0106_T,II,
VENTU1010_T,II,
VERMA1112_T1,III,control
VERMA1112_T2,III,experiment
VERMO0493_T1,II,
VERMO0493_T2,II,
VERMO0895_T,II,
VIALE0612_T,II,
VICI0597_T1,II,
VICI0597_T2,II,
VICI0100_T,II,
VICI1200_T,II,
VICI0602_T,II,
VICI0308_T,II,
VICI0509_T,II,
VICI0311_T,I/II,
VICI0411_T1,II,
VICI0411_T2,II,
VICI1211_T1,II,
VICI1211_T2,II,
VIENS0801_T,I/II,
VILAD0877_T,II,
VILAD1285_T1,II,
VILAD1285_T2,II,
VILAD1285_T3,II,
VILLA0197_T1,II,
VILLA0197_T2,II,
VILLA0511_T,I/II,
VILLA0811_T,II,
VILLA0613_T,II,
VINOL0492_T,II,
VOGEL0293_T,II,
VOGEL0499_T,II,
VOGEL0202_T1,II,
VOGEL0202_T2,II,
VONHO0291_T,II,
VONMI0105_T,II,
VONMI0905_T1,III,experiment
VONMI0905_T2,III,control
VONMI0309_T1,III,control
VONMI0309_T2,III,experiment
VOROB0604_T,II,
VRDOL0311_T,II,
VUYLS1116_T1,II,
VUYLS1116_T2,II,
WALKE0982_T,II,
WALTE0192_T1,II,
WALTE0192_T2,II,
WALTE0492_T,II,
WALTE1194_T,II,
WALTE1095_T,II,
WALTE0898_T,II,
WANDE0886_T,II,
WANDE1186_T,II,
WANDE0187_T,II,
WANDE0489_T,II,
WANG0810_T,II,
WANG1110_T,II,
WANG0212_T,II,
WANG0312_T,II,
WANG0715_T,II,
WANG0815_T1,II,
WANG0815_T2,II,
WANG0815_T3,II,
WARD0173_T1,II,
WARD0173_T2,II,
WARD0177_T1,II,
WARD0177_T2,II,
WARD0177_T3,II,
WASSE0796_T,II,
WATAN0893_T1,II,
WATAN0893_T2,II,
WATAN0304_T,II,
WATAN0517_T,II,
WEBER1195_T1,II,
WEBER1195_T2,II,
WELT0105_T,I/II,
WELT0216_T1,III,control
WELT0216_T2,III,experiment
WHITE0400_T,II,
WIGGA0179_T,II,
WILDI0910_T1,II,experiment
WILDI0910_T2,II,control
WILKE0196_T,I/II,
WILKS1214_T,II,
WILLE0390_T1,II,
WILLE0390_T2,II,
WILLI0295_T1,II,
WILLI0295_T2,II,
WILS0985_T1,II,
WILS0985_T2,II,
WILSO0894_T,I/II,
WINER0604_T1,III,control
WINER0604_T2,III,experiment
WINER0604_T3,III,experiment
WISEM0882_T,II,
WISHA0994_T1,III,control
WISHA0994_T2,III,experiment
WISIN0816_T,II,
WIST0204_T,II,
WOLFF1203_T,II,
WOLFF1005_T,II,
WOLFF0510_T1,II,
WOLFF0510_T2,II,
WOLFF0113_T1,III,experiment
WOLFF0113_T2,III,control
WONG1008_T,I/II,
WONG0210_T,I/II,
XU1210_T,II,
XU0111_T1,III,experiment
XU0111_T2,III,control
XU0511_T,II,
XU0711_T1,II,
XU0711_T2,II,
XU0711_T3,II,
YAMAM0308_T,II,
YAMAM0513_T1,II,
YAMAM0513_T2,II,
YAMAM0615_T1,II,
YAMAM0615_T2,II,
YAMAM0217_T1,III,experiment
YAMAM0217_T2,III,control
YAMAM0617_T,II,
YAMAS1006_T,II,
YANG0506_T,II,
YANG0408_T,II,
YAP0579_T,II,
YAP0581_T,II,
YAP0981_T1,II,
YAP0981_T2,II,
YAP0283_T,II,
YARDB1109_T,II,
YARDL1008_T1,II,
YARDL1008_T2,II,
YARDL0809_T,II,
YARDL1109_T1,II,
YARDL1109_T2,II,
YARDL1010_T,II,
YARDL1110_T1,II,
YARDL1110_T2,II,
YARDL0611_T1,II,
YARDL0611_T2,II,
YARDL1212_T,II,
YARDL0113_T,II,
YARDL0613_T1,II,
YARDL0613_T2,II,
YARDL1214_T,I/II,
YARDL0415_T1,II,
YARDL1115_T1,II,
YARDL1115_T2,II,
YARDL0616_T,I/II,
YARDL1016_T,II,
YARDL1216_T1,II,
YARDL1216_T2,II,
YAU0185_T1,II,
YAU0185_T2,II,
YAU0185_T3,II,
YAU0185_T4,II,
YEH0305_T,II,
YEO0702_T,II,
YOKOE0995_T,II,
YOSEF0693_T1,II,
YOSEF0693_T2,II,
YOSHI1103_T,II,
YOSHI0812_T,II,
YOUNG0412_T,II,
YUAN0312_T,II,
YUAN0515_T,II,
ZAMAN0715_T1,II,
ZAMAN0715_T2,II,
ZAMBE0600_T,II,
ZAMBE0700_T,II,
ZANIB1290_T,II,
ZANIB0493_T,II,
ZANIB0498_T,II,
ZEKAN1284_T1,III,control
ZEKAN1284_T2,III,experiment
ZELEK0901_T,II,
ZELEK1101_T,II,
ZELEK0502_T,II,
ZELEK0606_T,II,
ZHANG0115_T,II,
ZHANG0215_T,II,
ZHANG0816_T1,II,
ZHANG0816_T2,II,
ZHANGB0816_T1,III,experiment
ZHANGB0816_T2,III,control
ZHANG0317_T1,III,experiment
ZHANG0317_T2,III,control
ZHAO1214_T,II,
ZIELZ0305_T1,III,experiment
ZIELZ0305_T2,III,control
ZILEM1294_T,II,
ZILEM0504_T,II,
ZOLA0692_T,II,
ZUCCH1215_T,II,
ZUJEW1099_T,II,